{
    "LP001535": 0.17844454944133759,
    "LP001792": 0.15970085561275482,
    "LP002443": 0.247165247797966,
    "LP002517": 0.5835846662521362,
    "LP001894": 0.23231106996536255,
    "LP001245": 0.07559920102357864,
    "LP002928": 0.4581848680973053,
    "LP001643": 0.19270968437194824,
    "LP002301": 0.3980731666088104,
    "LP001552": 0.23074312508106232,
    "LP002422": 0.07470843940973282,
    "LP001350": 0.30043700337409973,
    "LP001884": 0.15009474754333496,
    "LP001256": 0.2168465256690979,
    "LP002128": 0.11008977144956589,
    "LP001273": 0.20622561872005463,
    "LP001114": 0.3172166049480438,
    "LP001370": 0.5228095054626465,
    "LP001882": 0.44334256649017334,
    "LP001345": 0.5521511435508728,
    "LP001488": 0.3408222198486328,
    "LP001136": 0.4393555819988251,
    "LP001608": 0.08731169253587723,
    "LP002050": 0.2927224338054657,
    "LP001688": 0.3482542335987091,
    "LP001421": 0.3191293478012085,
    "LP001865": 0.1987360268831253,
    "LP002008": 0.34488293528556824,
    "LP002789": 0.5550180077552795,
    "LP001263": 0.7882481813430786,
    "LP002087": 0.3750167787075043,
    "LP002337": 0.2766035795211792,
    "LP001265": 0.11817260086536407,
    "LP002625": 0.16523520648479462,
    "LP002562": 0.35396596789360046,
    "LP002368": 0.3093380033969879,
    "LP001222": 0.3448294401168823,
    "LP001938": 0.4170231819152832,
    "LP002494": 0.21859216690063477,
    "LP001634": 0.2960866093635559,
    "LP001259": 0.09563306719064713,
    "LP001570": 0.3247480094432831,
    "LP001322": 0.1674836128950119,
    "LP001963": 0.1709870845079422,
    "LP001770": 0.24179908633232117,
    "LP002536": 0.15670828521251678,
    "LP002170": 0.22956891357898712,
    "LP001003": 0.1935548186302185,
    "LP001788": 0.2001585215330124,
    "LP001225": 0.16943681240081787,
    "LP001776": 0.376826673746109,
    "LP002545": 0.8809469938278198,
    "LP001401": 0.17826375365257263,
    "LP001011": 0.1731954962015152,
    "LP001520": 0.27558451890945435,
    "LP002706": 0.5098898410797119,
    "LP001492": 0.47464102506637573,
    "LP002082": 0.2933306097984314,
    "LP002529": 0.33134207129478455,
    "LP001489": 0.37483206391334534,
    "LP002705": 0.14336593449115753,
    "LP002739": 0.29243364930152893,
    "LP002960": 0.5766507983207703,
    "LP001726": 0.15083372592926025,
    "LP001144": 0.28644421696662903,
    "LP002493": 0.5395975708961487,
    "LP002035": 0.15619203448295593,
    "LP002305": 0.25402140617370605,
    "LP001732": 0.3600705564022064,
    "LP002043": 0.15172702074050903,
    "LP002716": 0.44205543398857117,
    "LP001047": 0.1124100312590599,
    "LP001195": 0.050310444086790085,
    "LP001825": 0.1615154892206192,
    "LP001900": 0.13134676218032837,
    "LP001768": 0.11954411119222641,
    "LP001138": 0.20185738801956177,
    "LP001267": 0.9451735615730286,
    "LP002484": 0.12400659173727036,
    "LP002314": 0.4305574595928192,
    "LP002821": 0.309827983379364,
    "LP002699": 0.24373112618923187,
    "LP002116": 0.4971970319747925,
    "LP002225": 0.29887962341308594,
    "LP001606": 0.18561038374900818,
    "LP001106": 0.14474323391914368,
    "LP001207": 0.5438081622123718,
    "LP001112": 0.2788223624229431,
    "LP001250": 0.5350942611694336,
    "LP001581": 0.0640917420387268,
    "LP002407": 0.5084056258201599,
    "LP002931": 0.24331901967525482,
    "LP001465": 0.2738586962223053,
    "LP002606": 0.14076527953147888,
    "LP002002": 0.26274245977401733,
    "LP001754": 0.4342256784439087,
    "LP001814": 0.40361443161964417,
    "LP002348": 0.2751951217651367,
    "LP001953": 0.39780691266059875,
    "LP001978": 0.16506491601467133,
    "LP001996": 0.24623478949069977,
    "LP002940": 0.11696416139602661,
    "LP002272": 0.4493686854839325,
    "LP001119": 0.43603435158729553,
    "LP002501": 0.1966247409582138,
    "LP001846": 0.9690305590629578,
    "LP002892": 0.4841703474521637,
    "LP001333": 0.15594802796840668,
    "LP002983": 0.23997680842876434,
    "LP001241": 0.47257113456726074,
    "LP001835": 0.5337423086166382,
    "LP002640": 0.20191067457199097,
    "LP001120": 0.15812517702579498,
    "LP002403": 0.3165031969547272,
    "LP001907": 0.2222604602575302,
    "LP002110": 0.36219000816345215,
    "LP002820": 0.21806016564369202,
    "LP001871": 0.48404181003570557,
    "LP002119": 0.37021538615226746,
    "LP002317": 0.9119114875793457,
    "LP002534": 0.3989305794239044,
    "LP001888": 0.3086021840572357,
    "LP002429": 0.23478162288665771,
    "LP002284": 0.20113767683506012,
    "LP002911": 0.24825142323970795,
    "LP002941": 0.3826853930950165,
    "LP002894": 0.23676477372646332,
    "LP001813": 0.43394309282302856,
    "LP001674": 0.16867804527282715,
    "LP002362": 0.48285922408103943,
    "LP001875": 0.18499918282032013,
    "LP002101": 0.03636638820171356,
    "LP001123": 0.24387826025485992,
    "LP002537": 0.17174038290977478,
    "LP001385": 0.32077035307884216,
    "LP001266": 0.14827793836593628,
    "LP002807": 0.2337983399629593,
    "LP002634": 0.24577772617340088,
    "LP001430": 0.17851097881793976,
    "LP002794": 0.17837928235530853,
    "LP002231": 0.3137890696525574,
    "LP001387": 0.23113277554512024,
    "LP002717": 0.5215834379196167,
    "LP002690": 0.2109988033771515,
    "LP001279": 0.11651699244976044,
    "LP001536": 0.04830006882548332,
    "LP002950": 0.21240860223770142,
    "LP002974": 0.1720517873764038,
    "LP002180": 0.4007437825202942,
    "LP002472": 0.4084445536136627,
    "LP002478": 0.3238435685634613,
    "LP002318": 0.2544920742511749,
    "LP002139": 0.32125768065452576,
    "LP001806": 0.40176260471343994,
    "LP001194": 0.10471633076667786,
    "LP001392": 0.38578522205352783,
    "LP002855": 0.4535391628742218,
    "LP002223": 0.3697757124900818,
    "LP001849": 0.7666322588920593,
    "LP002188": 0.535798192024231,
    "LP001029": 0.13647492229938507,
    "LP001531": 0.28304407000541687,
    "LP002697": 0.2062634527683258,
    "LP001146": 0.1895621418952942,
    "LP001046": 0.2245698720216751,
    "LP002531": 0.1998826414346695,
    "LP002949": 0.9994803071022034,
    "LP002757": 0.251903235912323,
    "LP001504": 0.1464581936597824,
    "LP002473": 0.241898313164711,
    "LP002916": 0.1673520803451538,
    "LP001497": 0.2553764581680298,
    "LP002788": 0.5081004500389099,
    "LP002723": 0.41675814986228943,
    "LP001179": 0.4680013656616211,
    "LP002925": 0.29516687989234924,
    "LP002418": 0.3603447377681732,
    "LP001095": 0.34773531556129456,
    "LP001994": 0.22212953865528107,
    "LP002487": 0.20260754227638245,
    "LP001116": 0.17467881739139557,
    "LP002459": 0.26923489570617676,
    "LP001657": 0.27252694964408875,
    "LP001248": 0.38806095719337463,
    "LP002684": 0.16752949357032776,
    "LP001824": 0.5023877024650574,
    "LP002409": 0.3292108178138733,
    "LP001238": 0.34562432765960693,
    "LP001947": 0.2908287048339844,
    "LP001024": 0.27330252528190613,
    "LP001692": 0.2572416663169861,
    "LP001693": 0.5000338554382324,
    "LP001811": 0.17450131475925446,
    "LP001749": 0.2545863091945648,
    "LP002588": 0.0465007945895195,
    "LP001864": 0.3404640555381775,
    "LP001872": 0.3446226418018341,
    "LP001964": 0.2913433611392975,
    "LP001041": 0.18228685855865479,
    "LP001673": 0.2768319845199585,
    "LP002175": 0.22186535596847534,
    "LP001682": 0.524518609046936,
    "LP002784": 0.0855799987912178,
    "LP002792": 0.3517158627510071,
    "LP001036": 0.559687077999115,
    "LP002500": 0.4318998456001282,
    "LP002006": 0.3507271707057953,
    "LP001473": 0.24275590479373932,
    "LP002984": 0.3109557330608368,
    "LP002054": 0.2237529158592224,
    "LP001904": 0.18377530574798584,
    "LP002842": 0.4372871518135071,
    "LP002585": 0.2455659806728363,
    "LP001002": 0.41863638162612915,
    "LP002467": 0.16607069969177246,
    "LP001708": 0.3482099175453186,
    "LP001157": 0.09292756021022797,
    "LP002262": 0.3890661895275116,
    "LP001137": 0.4765084385871887,